No,Sample,Date,Plot,Locality,Longitute,Latitude,Marker,Canis_lupus,Myodes_glareolus,Sus_scrofa,Vulpes_vulpes,Apodemus_sylvaticus,Meles_meles,Siciurus_vulgaris,Capreolus_capreolus,Oryctolagus_cuniculus,Procyon_lotor,Rattus_norvegicus
1,3536,7-Aug,Nh_51,Grunewald-1,13.24265,52.4882,16S,1,1,1,1,1,0,0,0,0,0,0
2,3537,23-Aug,Nh_51,Grunewald-1,13.24265,52.4882,16S,0,1,0,0,0,0,0,0,0,0,0
3,3538,23-Aug,Nh_51,Grunewald-1,13.24265,52.4882,16S,0,0,1,0,1,1,0,0,0,0,0
4,3539,23-Aug,Nh_51,Grunewald-1,13.24265,52.4882,16S,1,0,0,0,1,1,0,0,0,0,0
5,3538,23-Aug,Nh_51,Grunewald-1,13.24265,52.4882,12S,0,0,0,0,1,1,0,0,0,0,0
6,3539,23-Aug,Nh_51,Grunewald-1,13.24265,52.4882,12S,0,0,0,1,1,1,0,0,0,0,0
7,3540,7-Aug,NM-50,Grunewald-2,13.22444,52.50048,16S,0,0,0,0,1,0,0,0,0,0,0
8,3541,7-Aug,Nm_50,Grunewald-2,13.22444,52.50058,12S,1,0,0,1,1,1,0,0,0,0,0
9,3541,7-Aug,Nm_50,Grunewald-2,13.22444,52.50058,16S,1,0,1,1,0,0,0,0,0,0,0
10,3542,4-Sep,Nm_50,Grunewald-2,13.22444,52.50058,12S,1,0,0,0,1,0,0,0,0,0,0
11,3542,4-Sep,Nm_50,Grunewald-2,13.22444,52.50058,16S,1,0,1,0,0,0,0,0,0,0,0
12,3543,4-Sep,Nm_50,Grunewald-2,13.22444,52.50058,12S,1,1,0,0,1,1,1,0,0,0,0
13,3543,4-Sep,Nm_50,Grunewald-2,13.22444,52.50058,16S,1,1,1,1,1,0,0,0,0,0,0
14,3544,4-Sep,Nm_50,Grunewald-2,13.22444,52.50058,12S,0,0,0,0,0,1,0,0,0,0,0
15,3544,4-Sep,Nm_50,Grunewald-2,13.22444,52.50058,16S,0,0,1,0,0,1,0,0,0,0,0
16,3545,18-Sep,Oh_07,Muggelsee,13.61755,52.42034,16S,0,0,1,1,0,0,1,1,1,0,0
17,3547,18-Sep,Oh_07,Muggelsee,13.61755,52.42034,16S,1,1,1,0,1,0,0,1,0,0,0
18,3549,26-Aug,Oh_07,Muggelsee,13.61755,52.42034,12S,0,0,0,0,0,1,0,0,0,0,0
19,3549,26-Aug,Oh_07,Muggelsee,13.61755,52.42034,16S,0,0,1,1,0,1,0,0,0,0,0
20,3550,26-Aug,Oh_07,Muggelsee,13.61755,52.42034,16S,1,0,1,0,0,0,0,0,0,0,0
21,3552,30-Aug,Om_06,Spandau,13.2075,52.58202,16S,0,0,1,1,0,0,0,0,0,1,0
22,3553,30-Aug,Om_06,Spandau,13.2075,52.58202,12S,0,0,0,0,0,1,0,0,0,0,0
23,3553,30-Aug,Om_06,Spandau,13.2075,52.58202,16S,0,0,1,0,0,0,0,0,0,0,0
24,3554,17-Aug,Om_06,Spandau,13.2075,52.58202,16S,1,0,1,0,1,0,0,0,0,0,1
25,3555,17-Aug,Om_06,Spandau,13.2075,52.58202,12S,0,0,0,0,0,1,0,0,0,0,0
26,3555,17-Aug,Om_06,Spandau,13.2075,52.58202,16S,0,0,0,0,0,1,0,0,0,0,0